{
  "cells": [
    {
      "add": {
        "label": "add",
        "max_ms": 0.017400016076862812,
        "mean_ms": 0.009594499424565583,
        "n_trials": 200,
        "p50_ms": 0.009500014130026102,
        "p95_ms": 0.010200019460171461
      },
      "add_derived": {
        "label": "add_derived",
        "max_ms": 0.02889998722821474,
        "mean_ms": 0.009286002023145556,
        "n_trials": 50,
        "p50_ms": 0.008600007276982069,
        "p95_ms": 0.012999982573091984
      },
      "audit": {
        "label": "audit",
        "max_ms": 0.08000002708286047,
        "mean_ms": 0.05854000337421894,
        "n_trials": 50,
        "p50_ms": 0.05790003342553973,
        "p95_ms": 0.06009999196976423
      },
      "backend": "in_memory",
      "embedding": "hash",
      "n_records": 100,
      "query": {
        "label": "query",
        "max_ms": 2.5882000336423516,
        "mean_ms": 1.437345501035452,
        "n_trials": 200,
        "p50_ms": 1.419499982148409,
        "p95_ms": 1.8395999795757234
      },
      "seed_memory_kb": 112.533203125,
      "seed_seconds": 0.0038484999677166343
    },
    {
      "add": {
        "label": "add",
        "max_ms": 0.02859998494386673,
        "mean_ms": 0.010053999430965632,
        "n_trials": 200,
        "p50_ms": 0.009600014891475439,
        "p95_ms": 0.011599971912801266
      },
      "add_derived": {
        "label": "add_derived",
        "max_ms": 0.01899997005239129,
        "mean_ms": 0.008631999371573329,
        "n_trials": 50,
        "p50_ms": 0.008300004992634058,
        "p95_ms": 0.010000017937272787
      },
      "audit": {
        "label": "audit",
        "max_ms": 0.17640000442042947,
        "mean_ms": 0.15622800099663436,
        "n_trials": 50,
        "p50_ms": 0.15599996550008655,
        "p95_ms": 0.16039999900385737
      },
      "backend": "in_memory",
      "embedding": "hash",
      "n_records": 1000,
      "query": {
        "label": "query",
        "max_ms": 6.797300011385232,
        "mean_ms": 4.405474000086542,
        "n_trials": 200,
        "p50_ms": 4.3258999940007925,
        "p95_ms": 5.3440999472513795
      },
      "seed_memory_kb": 1092.3310546875,
      "seed_seconds": 0.03854949999367818
    },
    {
      "add": {
        "label": "add",
        "max_ms": 0.05860003875568509,
        "mean_ms": 0.010435000876896083,
        "n_trials": 200,
        "p50_ms": 0.009700015652924776,
        "p95_ms": 0.01279998105019331
      },
      "add_derived": {
        "label": "add_derived",
        "max_ms": 0.0323000131174922,
        "mean_ms": 0.00927999964915216,
        "n_trials": 50,
        "p50_ms": 0.008500006515532732,
        "p95_ms": 0.011700030881911516
      },
      "audit": {
        "label": "audit",
        "max_ms": 1.6133000026457012,
        "mean_ms": 1.186563998926431,
        "n_trials": 50,
        "p50_ms": 1.1555000091902912,
        "p95_ms": 1.4372000005096197
      },
      "backend": "in_memory",
      "embedding": "hash",
      "n_records": 10000,
      "query": {
        "label": "query",
        "max_ms": 124.59989998023957,
        "mean_ms": 36.38044399849605,
        "n_trials": 200,
        "p50_ms": 34.69649999169633,
        "p95_ms": 38.433499983511865
      },
      "seed_memory_kb": 10833.70703125,
      "seed_seconds": 0.39396159996977076
    },
    {
      "add": {
        "label": "add",
        "max_ms": 0.22549997083842754,
        "mean_ms": 0.04157799994572997,
        "n_trials": 200,
        "p50_ms": 0.038300000596791506,
        "p95_ms": 0.05089998012408614
      },
      "add_derived": {
        "label": "add_derived",
        "max_ms": 0.15350000467151403,
        "mean_ms": 0.04273999948054552,
        "n_trials": 50,
        "p50_ms": 0.03950000973418355,
        "p95_ms": 0.05030003376305103
      },
      "audit": {
        "label": "audit",
        "max_ms": 0.08370005525648594,
        "mean_ms": 0.0593440025113523,
        "n_trials": 50,
        "p50_ms": 0.05819997750222683,
        "p95_ms": 0.0654000323265791
      },
      "backend": "sqlite_memory",
      "embedding": "hash",
      "n_records": 100,
      "query": {
        "label": "query",
        "max_ms": 2.154399990104139,
        "mean_ms": 1.4320975009468384,
        "n_trials": 200,
        "p50_ms": 1.4335999730974436,
        "p95_ms": 1.743700006045401
      },
      "seed_memory_kb": 122.373046875,
      "seed_seconds": 0.013567399990279227
    },
    {
      "add": {
        "label": "add",
        "max_ms": 0.11800002539530396,
        "mean_ms": 0.04378650104627013,
        "n_trials": 200,
        "p50_ms": 0.041599967516958714,
        "p95_ms": 0.05720002809539437
      },
      "add_derived": {
        "label": "add_derived",
        "max_ms": 0.24769996525719762,
        "mean_ms": 0.04911000025458634,
        "n_trials": 50,
        "p50_ms": 0.03950000973418355,
        "p95_ms": 0.0838999985717237
      },
      "audit": {
        "label": "audit",
        "max_ms": 0.1905999961309135,
        "mean_ms": 0.1572699996177107,
        "n_trials": 50,
        "p50_ms": 0.15620002523064613,
        "p95_ms": 0.16310001956298947
      },
      "backend": "sqlite_memory",
      "embedding": "hash",
      "n_records": 1000,
      "query": {
        "label": "query",
        "max_ms": 8.025100047234446,
        "mean_ms": 4.464376499236096,
        "n_trials": 200,
        "p50_ms": 4.373000003397465,
        "p95_ms": 5.192100012209266
      },
      "seed_memory_kb": 1112.0576171875,
      "seed_seconds": 0.12586590001592413
    },
    {
      "add": {
        "label": "add",
        "max_ms": 0.17149996710941195,
        "mean_ms": 0.041739000589586794,
        "n_trials": 200,
        "p50_ms": 0.03890000516548753,
        "p95_ms": 0.05219999002292752
      },
      "add_derived": {
        "label": "add_derived",
        "max_ms": 0.15460001304745674,
        "mean_ms": 0.04434799891896546,
        "n_trials": 50,
        "p50_ms": 0.03959995228797197,
        "p95_ms": 0.06910000229254365
      },
      "audit": {
        "label": "audit",
        "max_ms": 1.4598999987356365,
        "mean_ms": 1.1287200008518994,
        "n_trials": 50,
        "p50_ms": 1.1089000036008656,
        "p95_ms": 1.256300020031631
      },
      "backend": "sqlite_memory",
      "embedding": "hash",
      "n_records": 10000,
      "query": {
        "label": "query",
        "max_ms": 124.64240001281723,
        "mean_ms": 36.061700499849394,
        "n_trials": 200,
        "p50_ms": 33.93169998889789,
        "p95_ms": 37.48300002189353
      },
      "seed_memory_kb": 10849.6982421875,
      "seed_seconds": 1.275476599985268
    },
    {
      "add": {
        "label": "add",
        "max_ms": 7.778699975460768,
        "mean_ms": 1.9913240012829192,
        "n_trials": 200,
        "p50_ms": 1.8990999669767916,
        "p95_ms": 2.5326000177301466
      },
      "add_derived": {
        "label": "add_derived",
        "max_ms": 2.4272999726235867,
        "mean_ms": 1.9701380003243683,
        "n_trials": 50,
        "p50_ms": 1.9222000264562666,
        "p95_ms": 2.321900043170899
      },
      "audit": {
        "label": "audit",
        "max_ms": 0.08680002065375447,
        "mean_ms": 0.05777800106443465,
        "n_trials": 50,
        "p50_ms": 0.057100027333945036,
        "p95_ms": 0.05959998816251755
      },
      "backend": "sqlite_disk",
      "embedding": "hash",
      "n_records": 100,
      "query": {
        "label": "query",
        "max_ms": 3.1064999639056623,
        "mean_ms": 1.3921500000287779,
        "n_trials": 200,
        "p50_ms": 1.351799990516156,
        "p95_ms": 1.718499988783151
      },
      "seed_memory_kb": 122.1591796875,
      "seed_seconds": 0.20506040001055226
    },
    {
      "add": {
        "label": "add",
        "max_ms": 8.144100022036582,
        "mean_ms": 2.0363720011664554,
        "n_trials": 200,
        "p50_ms": 1.956599997356534,